{
  "version": 1,
  "exportedAt": "2026-02-13T15:59:10.351Z",
  "settings": {
    "aiProvider": "anthropic",
    "openaiKey": "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",
    "anthropicKey": "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",
    "spellingCorrection": true,
    "sentenceCount": 5
  },
  "documents": []
}